city_code,page_url,depth,download_timeout,download_slot,download_latency,url,property_id,Balcony,Bedrooms,Bathrooms,Balconies,Super area,Carpet area,Loading,Status,Transaction type,Floor,Car parking,Furnished status,Type of Ownership,Facing,city_name,tag,tag_price,posted_on,posted_name,posted_category,description,Price Breakup,Booking Amount,Address,Age of Construction,Furnishing,Insurance Partner,longitude,latitude,dev_price,dev_rate_pr_sqft,name,dev_name,dev_rating,highlights,locality_name,reviews_url,recommended_for,overall_rating,env_ratings,commuting_rating,place_of_interest_rating,review_rating,Environment,env_Neighbourhood,env_Roads,env_Safety,env_Cleanliness,Commuting,_comPublic Transport,_comParking,_comConnectivity,_comTraffic,Schools,Restaurants,reviews_list,Status of Electricity,Authority Approval,Units Available,Water Availability,Loan Offered by,Tower & Unit Details,RERA ID,Configuration,Flooring,Discussion Group,Lift,Amenities,Landmarks,Facilities,Overlooking
3177,https://www.magicbricks.com/mbsearch/propertySearch.html?propertyType_new=10002_10003_10021_10022%2C10001_10017&postedSince=-1&city=3177&searchType=1&propertyType=10002%2C10003%2C10021%2C10022%2C10001%2C10017&disWeb=Y&pType=10002%2C10003%2C10021%2C10022%2C10001%2C10017&category=S&cusImgCount=1&groupstart=0&offset=0&maxOffset=55&attractiveIds=&page=1&ltrIds=&preCompiledProp=&excludePropIds=&addpropertyDataSet=,4,180.0,www.magicbricks.com,0.1352229118347168,https://www.magicbricks.com/propertyDetails/2-BHK-1050-Sq-ft-Multistorey-Apartment-FOR-Sale-Chira-Chas-in-Bokaro-Steel-City&id=4d423533333432393639,53342969,,2,2,2,1050sqft,848sqft,19%,Ready to Move,Resale,4 (Out of 4 Floors),None,Semi-Furnished,Freehold,East,Bokaro Steel City,"1050 Sq-ft  2 BHK Flat for Sale in ,  Chira Chas, Bokaro Steel City",25.0 Lac,"Apr 25, '21",Puja Rani Dutta,Owner,,₹25.0 Lac,,"Ashiyana Narinkar Tower, Chira Chas, Bokaro Steel City, Jharkhand",Above 20 years,Semi-Furnished,,23.658899307250977,86.17933654785156,,,,Owner,,,Chira Chas,https://www.magicbricks.com/real-estate-property-reviews/Chira-Chas-in-Bokaro-Steel-City#reviewResult,,,,,,0.0,0.0,0,0,0,0,0.0,0,0,0,0,Hospitals,Markets,,,,,,,,,,,,,,,,
city_code,page_url,depth,download_timeout,download_slot,download_latency,url,property_id,Balcony,Bedrooms,Bathrooms,Balconies,Super area,Carpet area,Loading,Status,Transaction type,Floor,Car parking,Furnished status,Type of Ownership,Facing,city_name,tag,tag_price,posted_on,posted_name,posted_category,description,Price Breakup,Booking Amount,Address,Age of Construction,Furnishing,Insurance Partner,longitude,latitude,dev_price,dev_rate_pr_sqft,name,dev_name,dev_rating,highlights,locality_name,reviews_url,recommended_for,overall_rating,env_ratings,commuting_rating,place_of_interest_rating,review_rating,Environment,env_Neighbourhood,env_Roads,env_Safety,env_Cleanliness,Commuting,_comPublic Transport,_comParking,_comConnectivity,_comTraffic,Schools,Restaurants,reviews_list,Landmarks,Facilities,Overlooking,Tower & Unit Details,Authority Approval,Configuration,RERA ID,Units Available,Loan Offered by,Lift,Discussion Group,Water Availability,Amenities,Flooring,Status of Electricity
3177,https://www.magicbricks.com/mbsearch/propertySearch.html?propertyType_new=10002_10003_10021_10022%2C10001_10017&postedSince=-1&city=3177&searchType=1&propertyType=10002%2C10003%2C10021%2C10022%2C10001%2C10017&disWeb=Y&pType=10002%2C10003%2C10021%2C10022%2C10001%2C10017&category=S&cusImgCount=1&groupstart=0&offset=0&maxOffset=55&attractiveIds=&page=1&ltrIds=&preCompiledProp=&excludePropIds=&addpropertyDataSet=,4,180.0,www.magicbricks.com,0.10900020599365234,https://www.magicbricks.com/propertyDetails/2-BHK-1050-Sq-ft-Multistorey-Apartment-FOR-Sale-Chira-Chas-in-Bokaro-Steel-City&id=4d423533333432393639,53342969,,2,2,2,1050sqft,848sqft,19%,Ready to Move,Resale,4 (Out of 4 Floors),None,Semi-Furnished,Freehold,East,Bokaro Steel City,"1050 Sq-ft  2 BHK Flat for Sale in ,  Chira Chas, Bokaro Steel City",25.0 Lac,"Apr 25, '21",Puja Rani Dutta,Owner,,₹25.0 Lac,,"Ashiyana Narinkar Tower, Chira Chas, Bokaro Steel City, Jharkhand",Above 20 years,Semi-Furnished,,23.658899307250977,86.17933654785156,,,,Owner,,,Chira Chas,https://www.magicbricks.com/real-estate-property-reviews/Chira-Chas-in-Bokaro-Steel-City#reviewResult,,,,,,0.0,0.0,0,0,0,0,0.0,0,0,0,0,Hospitals,Markets,,,,,,,,,,,,,,,,
city_code,page_url,depth,download_timeout,download_slot,download_latency,url,property_id,Balcony,Bedrooms,Bathrooms,Balconies,Super area,Carpet area,Loading,Status,Transaction type,Floor,Car parking,Furnished status,Type of Ownership,Facing,city_name,tag,tag_price,posted_on,posted_name,posted_category,description,Price Breakup,Booking Amount,Address,Age of Construction,Furnishing,Insurance Partner,longitude,latitude,dev_price,dev_rate_pr_sqft,name,dev_name,dev_rating,highlights,locality_name,reviews_url,recommended_for,overall_rating,env_ratings,commuting_rating,place_of_interest_rating,review_rating,Environment,env_Neighbourhood,env_Roads,env_Safety,env_Cleanliness,Commuting,_comPublic Transport,_comParking,_comConnectivity,_comTraffic,Schools,Restaurants,reviews_list,Units Available,Overlooking,Landmarks,Discussion Group,Flooring,Configuration,RERA ID,Tower & Unit Details,Authority Approval,Facilities,Water Availability,Loan Offered by,Amenities,Lift,Status of Electricity
3177,https://www.magicbricks.com/mbsearch/propertySearch.html?propertyType_new=10002_10003_10021_10022%2C10001_10017&postedSince=-1&city=3177&searchType=1&propertyType=10002%2C10003%2C10021%2C10022%2C10001%2C10017&disWeb=Y&pType=10002%2C10003%2C10021%2C10022%2C10001%2C10017&category=S&cusImgCount=1&groupstart=0&offset=0&maxOffset=55&attractiveIds=&page=1&ltrIds=&preCompiledProp=&excludePropIds=&addpropertyDataSet=,4,180.0,www.magicbricks.com,2.110877752304077,https://www.magicbricks.com/propertyDetails/2-BHK-1050-Sq-ft-Multistorey-Apartment-FOR-Sale-Chira-Chas-in-Bokaro-Steel-City&id=4d423533333432393639,53342969,,2,2,2,1050sqft,848sqft,19%,Ready to Move,Resale,4 (Out of 4 Floors),None,Semi-Furnished,Freehold,East,Bokaro Steel City,"1050 Sq-ft  2 BHK Flat for Sale in ,  Chira Chas, Bokaro Steel City",25.0 Lac,"Apr 25, '21",Puja Rani Dutta,Owner,,₹25.0 Lac,,"Ashiyana Narinkar Tower, Chira Chas, Bokaro Steel City, Jharkhand",Above 20 years,Semi-Furnished,,23.658899307250977,86.17933654785156,,,,Owner,,,Chira Chas,https://www.magicbricks.com/real-estate-property-reviews/Chira-Chas-in-Bokaro-Steel-City#reviewResult,,,,,,0.0,0.0,0,0,0,0,0.0,0,0,0,0,Hospitals,Markets,,,,,,,,,,,,,,,,
city_code,page_url,depth,download_timeout,download_slot,download_latency,url,property_id,Balcony,Bedrooms,Bathrooms,Balconies,Super area,Carpet area,Loading,Status,Transaction type,Floor,Car parking,Furnished status,Type of Ownership,Facing,city_name,tag,tag_price,posted_on,posted_name,posted_category,description,Price Breakup,Booking Amount,Address,Age of Construction,Furnishing,Insurance Partner,longitude,latitude,dev_price,dev_rate_pr_sqft,name,dev_name,dev_rating,highlights,locality_name,reviews_url,recommended_for,overall_rating,env_ratings,commuting_rating,place_of_interest_rating,review_rating,Environment,env_Neighbourhood,env_Roads,env_Safety,env_Cleanliness,Commuting,_comPublic Transport,_comParking,_comConnectivity,_comTraffic,Schools,Restaurants,reviews_list,Discussion Group,Lift,Status of Electricity,Tower & Unit Details,Configuration,Landmarks,Amenities,Loan Offered by,Flooring,Units Available,Overlooking,Authority Approval,Water Availability,Facilities,RERA ID
3177,https://www.magicbricks.com/mbsearch/propertySearch.html?propertyType_new=10002_10003_10021_10022%2C10001_10017&postedSince=-1&city=3177&searchType=1&propertyType=10002%2C10003%2C10021%2C10022%2C10001%2C10017&disWeb=Y&pType=10002%2C10003%2C10021%2C10022%2C10001%2C10017&category=S&cusImgCount=1&groupstart=0&offset=0&maxOffset=55&attractiveIds=&page=1&ltrIds=&preCompiledProp=&excludePropIds=&addpropertyDataSet=,4,180.0,www.magicbricks.com,0.1120002269744873,https://www.magicbricks.com/propertyDetails/2-BHK-1050-Sq-ft-Multistorey-Apartment-FOR-Sale-Chira-Chas-in-Bokaro-Steel-City&id=4d423533333432393639,53342969,,2,2,2,1050sqft,848sqft,19%,Ready to Move,Resale,4 (Out of 4 Floors),None,Semi-Furnished,Freehold,East,Bokaro Steel City,"1050 Sq-ft  2 BHK Flat for Sale in ,  Chira Chas, Bokaro Steel City",25.0 Lac,"Apr 25, '21",Puja Rani Dutta,Owner,,₹25.0 Lac,,"Ashiyana Narinkar Tower, Chira Chas, Bokaro Steel City, Jharkhand",Above 20 years,Semi-Furnished,,23.658899307250977,86.17933654785156,,,,Owner,,,Chira Chas,https://www.magicbricks.com/real-estate-property-reviews/Chira-Chas-in-Bokaro-Steel-City#reviewResult,,,,,,0.0,0.0,0,0,0,0,0.0,0,0,0,0,Hospitals,Markets,,,,,,,,,,,,,,,,
city_code,page_url,depth,download_timeout,download_slot,download_latency,url,property_id,Balcony,Bedrooms,Bathrooms,Balconies,Super area,Carpet area,Loading,Status,Transaction type,Floor,Car parking,Furnished status,Type of Ownership,Facing,city_name,tag,tag_price,posted_on,posted_name,posted_category,description,Price Breakup,Booking Amount,Address,Age of Construction,Furnishing,Insurance Partner,longitude,latitude,dev_price,dev_rate_pr_sqft,name,dev_name,dev_rating,highlights,locality_name,reviews_url,recommended_for,overall_rating,env_ratings,commuting_rating,place_of_interest_rating,review_rating,Environment,env_Neighbourhood,env_Roads,env_Safety,env_Cleanliness,Commuting,_comPublic Transport,_comParking,_comConnectivity,_comTraffic,Schools,Restaurants,reviews_list,Units Available,Water Availability,Configuration,Overlooking,Lift,Facilities,Status of Electricity,RERA ID,Loan Offered by,Authority Approval,Tower & Unit Details,Landmarks,Flooring,Discussion Group,Amenities
3177,https://www.magicbricks.com/mbsearch/propertySearch.html?propertyType_new=10002_10003_10021_10022%2C10001_10017&postedSince=-1&city=3177&searchType=1&propertyType=10002%2C10003%2C10021%2C10022%2C10001%2C10017&disWeb=Y&pType=10002%2C10003%2C10021%2C10022%2C10001%2C10017&category=S&cusImgCount=1&groupstart=0&offset=0&maxOffset=55&attractiveIds=&page=1&ltrIds=&preCompiledProp=&excludePropIds=&addpropertyDataSet=,4,180.0,www.magicbricks.com,0.12099623680114746,https://www.magicbricks.com/propertyDetails/2-BHK-1050-Sq-ft-Multistorey-Apartment-FOR-Sale-Chira-Chas-in-Bokaro-Steel-City&id=4d423533333432393639,53342969,,2,2,2,1050sqft,848sqft,19%,Ready to Move,Resale,4 (Out of 4 Floors),None,Semi-Furnished,Freehold,East,Bokaro Steel City,"1050 Sq-ft  2 BHK Flat for Sale in ,  Chira Chas, Bokaro Steel City",25.0 Lac,"Apr 25, '21",Puja Rani Dutta,Owner,,₹25.0 Lac,,"Ashiyana Narinkar Tower, Chira Chas, Bokaro Steel City, Jharkhand",Above 20 years,Semi-Furnished,,23.658899307250977,86.17933654785156,,,,Owner,,,Chira Chas,https://www.magicbricks.com/real-estate-property-reviews/Chira-Chas-in-Bokaro-Steel-City#reviewResult,,,,,,0.0,0.0,0,0,0,0,0.0,0,0,0,0,Hospitals,Markets,,,,,,,,,,,,,,,,
